relationship_id,source_product_id,target_product_id,relationship_type,recommendation_priority,price_difference,is_active,created_at,lastmodified
REL-001,PROD-INT-004,PROD-INT-003,upgrade,90,20.00,true,2024-01-01T08:00:00Z,2026-02-04T08:00:00Z
REL-002,PROD-INT-003,PROD-INT-002,upgrade,85,20.00,true,2024-01-01T08:00:00Z,2026-02-04T08:00:00Z
REL-003,PROD-INT-002,PROD-INT-001,upgrade,80,50.00,true,2024-01-01T08:00:00Z,2026-02-04T08:00:00Z
REL-004,PROD-MOB-003,PROD-MOB-002,upgrade,95,15.00,true,2024-01-01T08:00:00Z,2026-02-04T08:00:00Z
REL-005,PROD-MOB-002,PROD-MOB-001,upgrade,90,10.00,true,2024-01-01T08:00:00Z,2026-02-04T08:00:00Z
REL-006,PROD-DEV-005,PROD-DEV-004,upgrade,85,100.00,true,2024-01-01T08:00:00Z,2026-02-04T08:00:00Z
REL-007,PROD-DEV-004,PROD-DEV-003,upgrade,80,100.00,true,2024-01-01T08:00:00Z,2026-02-04T08:00:00Z
REL-008,PROD-DEV-003,PROD-DEV-002,upgrade,75,100.00,true,2024-01-01T08:00:00Z,2026-02-04T08:00:00Z
REL-009,PROD-DEV-002,PROD-DEV-001,upgrade,70,200.00,true,2024-01-01T08:00:00Z,2026-02-04T08:00:00Z
REL-010,PROD-DEV-009,PROD-DEV-007,upgrade,85,250.00,true,2024-01-01T08:00:00Z,2026-02-04T08:00:00Z
REL-011,PROD-DEV-007,PROD-DEV-006,upgrade,80,100.00,true,2024-01-01T08:00:00Z,2026-02-04T08:00:00Z
REL-012,PROD-DEV-008,PROD-DEV-006,upgrade,90,200.00,true,2024-01-01T08:00:00Z,2026-02-04T08:00:00Z
REL-013,PROD-INT-003,PROD-TV-002,cross_sell,70,59.99,true,2024-01-01T08:00:00Z,2026-02-04T08:00:00Z
REL-014,PROD-INT-002,PROD-TV-001,cross_sell,75,89.99,true,2024-01-01T08:00:00Z,2026-02-04T08:00:00Z
REL-015,PROD-MOB-001,PROD-INT-003,cross_sell,80,79.99,true,2024-01-01T08:00:00Z,2026-02-04T08:00:00Z
REL-016,PROD-INT-004,PROD-EQP-003,cross_sell,60,5.00,true,2024-01-01T08:00:00Z,2026-02-04T08:00:00Z
REL-017,PROD-INT-003,PROD-EQP-002,cross_sell,65,10.00,true,2024-01-01T08:00:00Z,2026-02-04T08:00:00Z
REL-018,PROD-INT-002,PROD-EQP-001,cross_sell,70,15.00,true,2024-01-01T08:00:00Z,2026-02-04T08:00:00Z
REL-019,PROD-EQP-004,PROD-EQP-003,upgrade,75,5.00,true,2024-01-01T08:00:00Z,2026-02-04T08:00:00Z
REL-020,PROD-EQP-003,PROD-EQP-002,upgrade,70,5.00,true,2024-01-01T08:00:00Z,2026-02-04T08:00:00Z
