account_id,account_number,account_type,account_status,account_holder_recipient_id,billing_address_line1,billing_address_line2,billing_city,billing_state,billing_zip,billing_country,service_address_line1,service_address_line2,service_city,service_address_state,service_zip,service_country,payment_method,autopay_enabled,paperless_billing,credit_score_tier,customer_since,account_tenure_months,lifetime_value,monthly_recurring_revenue,last_payment_date,last_payment_amount,current_balance,past_due_amount,created_at,lastmodified
ACC-001,CS-2024-001234,family,active,RCP-001,123 Maple Street,,Springfield,IL,62701,US,123 Maple Street,,Springfield,IL,62701,US,credit_card,true,true,excellent,2021-03-15,58,16530.00,285.00,2026-01-15,285.00,0.00,0.00,2021-03-15T09:30:00Z,2026-02-04T08:00:00Z
ACC-002,CS-2024-001235,family,active,RCP-005,456 Oak Avenue,,Chicago,IL,60601,US,456 Oak Avenue,,Chicago,IL,60601,US,credit_card,true,true,excellent,2020-06-01,68,21216.00,312.00,2026-01-15,312.00,0.00,0.00,2020-06-01T10:15:00Z,2026-02-04T08:00:00Z
ACC-003,CS-2024-001236,family,active,RCP-009,789 Pine Road,,Austin,TX,78701,US,789 Pine Road,,Austin,TX,78701,US,bank_account,true,true,good,2022-08-20,41,10824.00,264.00,2026-01-15,264.00,0.00,0.00,2022-08-20T11:00:00Z,2026-02-04T08:00:00Z
ACC-004,CS-2024-001237,individual,active,RCP-013,321 Elm Street,,Seattle,WA,98101,US,321 Elm Street,,Seattle,WA,98101,US,credit_card,true,false,excellent,2020-09-10,65,11310.00,174.00,2026-01-15,174.00,0.00,0.00,2020-09-10T14:20:00Z,2026-02-04T08:00:00Z
ACC-005,CS-2024-001238,family,active,RCP-015,654 Birch Lane,,Denver,CO,80201,US,654 Birch Lane,,Denver,CO,80201,US,credit_card,true,true,good,2022-11-05,39,10686.00,274.00,2026-01-15,274.00,0.00,0.00,2022-11-05T16:45:00Z,2026-02-04T08:00:00Z
ACC-006,CS-2024-001239,family,active,RCP-019,987 Cedar Court,,Portland,OR,97201,US,987 Cedar Court,,Portland,OR,97201,US,credit_card,false,true,good,2023-05-12,21,4851.00,231.00,2026-01-15,231.00,0.00,0.00,2023-05-12T13:30:00Z,2026-02-04T08:00:00Z
ACC-007,CS-2024-001240,individual,active,RCP-023,147 Willow Drive,,Boston,MA,02101,US,147 Willow Drive,,Boston,MA,02101,US,bank_account,true,true,excellent,2021-02-28,60,9720.00,162.00,2026-01-15,162.00,0.00,0.00,2021-02-28T09:00:00Z,2026-02-04T08:00:00Z
ACC-008,CS-2024-001241,family,active,RCP-025,258 Spruce Street,,Miami,FL,33101,US,258 Spruce Street,,Miami,FL,33101,US,credit_card,true,true,excellent,2022-07-18,43,12384.00,288.00,2026-01-15,288.00,0.00,0.00,2022-07-18T10:30:00Z,2026-02-04T08:00:00Z
ACC-009,CS-2024-001242,family,active,RCP-029,369 Ash Boulevard,,Phoenix,AZ,85001,US,369 Ash Boulevard,,Phoenix,AZ,85001,US,credit_card,true,false,good,2023-09-03,17,4012.00,236.00,2026-01-15,236.00,0.00,0.00,2023-09-03T15:15:00Z,2026-02-04T08:00:00Z
ACC-010,CS-2024-001243,individual,active,RCP-033,741 Redwood Path,,San Diego,CA,92101,US,741 Redwood Path,,San Diego,CA,92101,US,credit_card,true,true,excellent,2020-12-01,62,11532.00,186.00,2026-01-15,186.00,0.00,0.00,2020-12-01T11:45:00Z,2026-02-04T08:00:00Z
ACC-011,CS-2024-001244,family,active,RCP-035,852 Cypress Way,,Nashville,TN,37201,US,852 Cypress Way,,Nashville,TN,37201,US,credit_card,true,true,excellent,2021-10-15,52,14664.00,282.00,2026-01-15,282.00,0.00,0.00,2021-10-15T08:30:00Z,2026-02-04T08:00:00Z
ACC-012,CS-2024-001245,family,active,RCP-039,963 Magnolia Circle,,Atlanta,GA,30301,US,963 Magnolia Circle,,Atlanta,GA,30301,US,bank_account,true,true,good,2023-03-22,23,5681.00,247.00,2026-01-15,247.00,0.00,0.00,2023-03-22T12:00:00Z,2026-02-04T08:00:00Z
ACC-013,CS-2024-001246,individual,active,RCP-043,159 Poplar Street,,Minneapolis,MN,55401,US,159 Poplar Street,,Minneapolis,MN,55401,US,credit_card,false,false,fair,2024-07-10,7,1050.00,150.00,2026-01-15,150.00,0.00,0.00,2024-07-10T14:20:00Z,2026-02-04T08:00:00Z
ACC-014,CS-2024-001247,family,active,RCP-044,357 Hickory Trail,,Dallas,TX,75201,US,357 Hickory Trail,,Dallas,TX,75201,US,credit_card,true,true,excellent,2022-04-08,46,12696.00,276.00,2026-01-15,276.00,0.00,0.00,2022-04-08T09:15:00Z,2026-02-04T08:00:00Z
ACC-015,CS-2024-001248,family,active,RCP-048,468 Walnut Avenue,,Charlotte,NC,28201,US,468 Walnut Avenue,,Charlotte,NC,28201,US,credit_card,true,true,good,2023-07-14,19,4465.00,235.00,2026-01-15,235.00,0.00,0.00,2023-07-14T16:00:00Z,2026-02-04T08:00:00Z
ACC-016,CS-2024-001249,individual,active,RCP-052,579 Sycamore Road,,Philadelphia,PA,19101,US,579 Sycamore Road,,Philadelphia,PA,19101,US,bank_account,true,true,excellent,2021-08-20,53,9222.00,174.00,2026-01-15,174.00,0.00,0.00,2021-08-20T10:45:00Z,2026-02-04T08:00:00Z
ACC-017,CS-2024-001250,family,active,RCP-054,681 Dogwood Lane,,San Francisco,CA,94101,US,681 Dogwood Lane,,San Francisco,CA,94101,US,credit_card,true,true,excellent,2022-09-28,40,11960.00,299.00,2026-01-15,299.00,0.00,0.00,2022-09-28T13:20:00Z,2026-02-04T08:00:00Z
ACC-018,CS-2024-001251,family,active,RCP-058,792 Fir Street,,Columbus,OH,43201,US,792 Fir Street,,Columbus,OH,43201,US,credit_card,true,false,good,2024-01-16,12,2844.00,237.00,2026-01-15,237.00,0.00,0.00,2024-01-16T11:30:00Z,2026-02-04T08:00:00Z
ACC-019,CS-2024-001252,individual,active,RCP-062,813 Sequoia Drive,,Detroit,MI,48201,US,813 Sequoia Drive,,Detroit,MI,48201,US,credit_card,false,true,good,2024-11-03,3,438.00,146.00,2026-01-15,146.00,0.00,0.00,2024-11-03T15:45:00Z,2026-02-04T08:00:00Z
ACC-020,CS-2024-001253,family,active,RCP-064,924 Juniper Place,,Indianapolis,IN,46201,US,924 Juniper Place,,Indianapolis,IN,46201,US,credit_card,true,true,excellent,2021-12-12,50,14150.00,283.00,2026-01-15,283.00,0.00,0.00,2021-12-12T08:00:00Z,2026-02-04T08:00:00Z
ACC-021,active,credit_card,True,2024-01-15,family,834,2026-02-12T10:04:12Z,0.0,2026-02-12T10:04:12Z,2026-02-12T10:04:12Z
