offer_id,offer_name,offer_type,offer_category,target_product_id,offer_description,discount_type,discount_value,discount_duration_months,min_contract_months,requires_trade_in,requires_autopay,requires_paperless,stacking_allowed,eligible_customer_segments,eligible_account_types,min_tenure_months,valid_from,valid_to,is_active,offer_code,offer_priority,estimated_monthly_savings,estimated_total_value,created_at,lastmodified
OFFER-001,iPhone 16 Trade-In Bonus,upgrade,device,PROD-DEV-002,Trade in your old iPhone and get $280 bonus credit toward iPhone 16,trade_in_bonus,280.00,24,24,true,false,false,false,standard,individual,12,2024-01-01,2027-12-31,true,IPHONE16TRADE,8,10.00,280.00,2024-01-01T10:00:00Z,2026-02-04T08:00:00Z
OFFER-002,Samsung Galaxy S24 Upgrade,upgrade,device,PROD-DEV-006,Upgrade to Galaxy S24 with enhanced trade-in value,trade_in_bonus,180.00,24,24,true,false,false,false,standard,individual,12,2024-01-01,2027-12-31,true,GALAXYS24UP,8,8.00,180.00,2024-01-01T10:00:00Z,2026-02-04T08:00:00Z
OFFER-003,Fiber 1Gig Speed Upgrade,upgrade,internet,PROD-INT-002,Upgrade from Fiber 500 to 1Gig for only $10 more per month,fixed_amount,10.00,12,12,false,true,true,true,standard,individual,6,2024-01-01,2027-12-31,true,FIBER1GIG,9,30.00,120.00,2024-01-01T10:00:00Z,2026-02-04T08:00:00Z
OFFER-004,Autopay Discount,retention,account,PROD-MOB-001,Save 5% on your monthly bill with autopay enrollment,percent_off,5.00,99,0,false,true,false,true,standard,individual,0,2024-01-01,2027-12-31,true,AUTOPAY5,5,5.00,600.00,2024-01-01T10:00:00Z,2026-02-04T08:00:00Z
OFFER-005,Paperless Billing Bonus,retention,account,PROD-MOB-001,Get $5 off per month when you go paperless,fixed_amount,5.00,12,0,false,false,true,true,standard,individual,0,2024-01-01,2027-12-31,true,PAPERLESS5,4,5.00,60.00,2024-01-01T10:00:00Z,2026-02-04T08:00:00Z
OFFER-006,Family Plan Add Line,cross_sell,mobile,PROD-MOB-003,Add a 4th or 5th line to your family plan for $15/month,fixed_amount,15.00,24,12,false,false,false,true,standard,family,3,2024-01-01,2027-12-31,true,FAMILYADD,7,15.00,360.00,2024-01-01T10:00:00Z,2026-02-04T08:00:00Z
OFFER-007,Premium Router Upgrade,cross_sell,equipment,PROD-EQP-003,Upgrade to WiFi 6E mesh router for seamless connectivity,one_time_discount,50.00,1,12,false,false,false,false,standard,family,6,2024-01-01,2027-12-31,true,ROUTERWIFI6,6,4.50,50.00,2024-01-01T10:00:00Z,2026-02-04T08:00:00Z
OFFER-008,Loyalty Retention Credit,retention,account,PROD-MOB-001,Stay with us and receive $10/month credit for 6 months,fixed_amount,10.00,6,0,false,false,false,false,at_risk,individual,24,2024-01-01,2027-12-31,true,LOYAL10,10,10.00,60.00,2024-01-01T10:00:00Z,2026-02-04T08:00:00Z
OFFER-009,Triple Play Bundle,bundle,bundle,PROD-BDL-001,Mobile + Internet + Equipment bundle discount,percent_off,15.00,24,24,false,true,true,true,standard,family,0,2024-01-01,2027-12-31,true,TRIPLE15,9,45.00,1080.00,2024-01-01T10:00:00Z,2026-02-04T08:00:00Z
OFFER-010,Early Upgrade Special,upgrade,device,PROD-DEV-002,Upgrade your device 6 months early with no penalties,waived_fee,0.00,1,24,true,false,false,false,vip,individual,18,2024-01-01,2027-12-31,true,EARLYUPGRADE,7,89.99,89.99,2024-01-01T10:00:00Z,2026-02-04T08:00:00Z
